{
  "version": "3.0.0",
  "visualisation": {
    "nodes": [
      {
        "id": "n:1",
        "position": {
          "x": 19.279834747314453,
          "y": 21.032546997070312
        }
      },
      {
        "id": "n:3",
        "position": {
          "x": 264.9370068461569,
          "y": 90.4415153878616
        }
      },
      {
        "id": "n:4",
        "position": {
          "x": 218.26335588854522,
          "y": -38.81176501779761
        }
      },
      {
        "id": "n:5",
        "position": {
          "x": -233.1744441864832,
          "y": -49.82501985638947
        }
      },
      {
        "id": "n:6",
        "position": {
          "x": 177.41739730891163,
          "y": 172.0396219763006
        }
      },
      {
        "id": "n:7",
        "position": {
          "x": -152.66211040878017,
          "y": -143.31205210332794
        }
      },
      {
        "id": "n:8",
        "position": {
          "x": -24.499804500834017,
          "y": -188.0752874321119
        }
      },
      {
        "id": "n:9",
        "position": {
          "x": 128.37036033256646,
          "y": -172.36304148381492
        }
      }
    ]
  },
  "dataModel": {
    "version": "3.0.0",
    "graphSchemaRepresentation": {
      "version": "1.0.0",
      "graphSchema": {
        "nodeLabels": [
          {
            "$id": "nl:1",
            "token": "Event",
            "properties": [
              {
                "$id": "p:1",
                "token": "event_id",
                "type": {
                  "type": "string"
                },
                "nullable": true
              },
              {
                "$id": "p:2",
                "token": "timestamp",
                "type": {
                  "type": "datetime"
                },
                "nullable": true
              },
              {
                "$id": "p:3",
                "token": "interaction_type",
                "type": {
                  "type": "string"
                },
                "nullable": true
              },
              {
                "$id": "p:12",
                "token": "transaction_amount",
                "type": {
                  "type": "float"
                },
                "nullable": true
              }
            ]
          },
          {
            "$id": "nl:3",
            "token": "EmailAddress",
            "properties": [
              {
                "$id": "p:5",
                "token": "email",
                "type": {
                  "type": "string"
                },
                "nullable": true
              }
            ]
          },
          {
            "$id": "nl:4",
            "token": "CreditCard",
            "properties": [
              {
                "$id": "p:6",
                "token": "credit_card_id",
                "type": {
                  "type": "string"
                },
                "nullable": true
              }
            ]
          },
          {
            "$id": "nl:5",
            "token": "IPAddress",
            "properties": [
              {
                "$id": "p:7",
                "token": "ip_address",
                "type": {
                  "type": "string"
                },
                "nullable": true
              }
            ]
          },
          {
            "$id": "nl:6",
            "token": "BankAccount",
            "properties": [
              {
                "$id": "p:8",
                "token": "bank_account_id",
                "type": {
                  "type": "string"
                },
                "nullable": true
              }
            ]
          },
          {
            "$id": "nl:7",
            "token": "PhoneNumber",
            "properties": [
              {
                "$id": "p:9",
                "token": "phone_number",
                "type": {
                  "type": "string"
                },
                "nullable": true
              }
            ]
          },
          {
            "$id": "nl:8",
            "token": "Device",
            "properties": [
              {
                "$id": "p:10",
                "token": "device_id",
                "type": {
                  "type": "string"
                },
                "nullable": true
              }
            ]
          },
          {
            "$id": "nl:9",
            "token": "Session",
            "properties": [
              {
                "$id": "p:11",
                "token": "session_id",
                "type": {
                  "type": "string"
                },
                "nullable": true
              }
            ]
          }
        ],
        "relationshipTypes": [
          {
            "$id": "rt:2",
            "token": "WITH",
            "properties": []
          },
          {
            "$id": "rt:3",
            "token": "WITH",
            "properties": []
          },
          {
            "$id": "rt:4",
            "token": "WITH",
            "properties": []
          },
          {
            "$id": "rt:5",
            "token": "WITH",
            "properties": []
          },
          {
            "$id": "rt:6",
            "token": "WITH",
            "properties": []
          },
          {
            "$id": "rt:7",
            "token": "WITH",
            "properties": []
          },
          {
            "$id": "rt:8",
            "token": "WITH",
            "properties": []
          }
        ],
        "nodeObjectTypes": [
          {
            "$id": "n:1",
            "labels": [
              {
                "$ref": "#nl:1"
              }
            ]
          },
          {
            "$id": "n:3",
            "labels": [
              {
                "$ref": "#nl:3"
              }
            ]
          },
          {
            "$id": "n:4",
            "labels": [
              {
                "$ref": "#nl:4"
              }
            ]
          },
          {
            "$id": "n:5",
            "labels": [
              {
                "$ref": "#nl:5"
              }
            ]
          },
          {
            "$id": "n:6",
            "labels": [
              {
                "$ref": "#nl:6"
              }
            ]
          },
          {
            "$id": "n:7",
            "labels": [
              {
                "$ref": "#nl:7"
              }
            ]
          },
          {
            "$id": "n:8",
            "labels": [
              {
                "$ref": "#nl:8"
              }
            ]
          },
          {
            "$id": "n:9",
            "labels": [
              {
                "$ref": "#nl:9"
              }
            ]
          }
        ],
        "relationshipObjectTypes": [
          {
            "$id": "r:2",
            "type": {
              "$ref": "#rt:2"
            },
            "from": {
              "$ref": "#n:1"
            },
            "to": {
              "$ref": "#n:3"
            }
          },
          {
            "$id": "r:3",
            "type": {
              "$ref": "#rt:3"
            },
            "from": {
              "$ref": "#n:1"
            },
            "to": {
              "$ref": "#n:4"
            }
          },
          {
            "$id": "r:4",
            "type": {
              "$ref": "#rt:4"
            },
            "from": {
              "$ref": "#n:1"
            },
            "to": {
              "$ref": "#n:5"
            }
          },
          {
            "$id": "r:5",
            "type": {
              "$ref": "#rt:5"
            },
            "from": {
              "$ref": "#n:1"
            },
            "to": {
              "$ref": "#n:6"
            }
          },
          {
            "$id": "r:6",
            "type": {
              "$ref": "#rt:6"
            },
            "from": {
              "$ref": "#n:1"
            },
            "to": {
              "$ref": "#n:7"
            }
          },
          {
            "$id": "r:7",
            "type": {
              "$ref": "#rt:7"
            },
            "from": {
              "$ref": "#n:1"
            },
            "to": {
              "$ref": "#n:8"
            }
          },
          {
            "$id": "r:8",
            "type": {
              "$ref": "#rt:8"
            },
            "from": {
              "$ref": "#n:1"
            },
            "to": {
              "$ref": "#n:9"
            }
          }
        ],
        "constraints": [
          {
            "$id": "c:1",
            "name": "event_id_Event_uniq",
            "constraintType": "uniqueness",
            "entityType": "node",
            "nodeLabel": {
              "$ref": "#nl:1"
            },
            "properties": [
              {
                "$ref": "#p:1"
              }
            ]
          },
          {
            "$id": "c:3",
            "name": "email_uniq",
            "constraintType": "uniqueness",
            "entityType": "node",
            "nodeLabel": {
              "$ref": "#nl:3"
            },
            "properties": [
              {
                "$ref": "#p:5"
              }
            ]
          },
          {
            "$id": "c:4",
            "name": "credit_card_id_CreditCard_uniq",
            "constraintType": "uniqueness",
            "entityType": "node",
            "nodeLabel": {
              "$ref": "#nl:4"
            },
            "properties": [
              {
                "$ref": "#p:6"
              }
            ]
          },
          {
            "$id": "c:5",
            "name": "ip_address_IPAddress_uniq",
            "constraintType": "uniqueness",
            "entityType": "node",
            "nodeLabel": {
              "$ref": "#nl:5"
            },
            "properties": [
              {
                "$ref": "#p:7"
              }
            ]
          },
          {
            "$id": "c:6",
            "name": "bank_account_id_BankAccount_uniq",
            "constraintType": "uniqueness",
            "entityType": "node",
            "nodeLabel": {
              "$ref": "#nl:6"
            },
            "properties": [
              {
                "$ref": "#p:8"
              }
            ]
          },
          {
            "$id": "c:7",
            "name": "phone_number_PhoneNumber_uniq",
            "constraintType": "uniqueness",
            "entityType": "node",
            "nodeLabel": {
              "$ref": "#nl:7"
            },
            "properties": [
              {
                "$ref": "#p:9"
              }
            ]
          },
          {
            "$id": "c:8",
            "name": "device_id_Device_uniq",
            "constraintType": "uniqueness",
            "entityType": "node",
            "nodeLabel": {
              "$ref": "#nl:8"
            },
            "properties": [
              {
                "$ref": "#p:10"
              }
            ]
          },
          {
            "$id": "c:9",
            "name": "session_id_Session_uniq",
            "constraintType": "uniqueness",
            "entityType": "node",
            "nodeLabel": {
              "$ref": "#nl:9"
            },
            "properties": [
              {
                "$ref": "#p:11"
              }
            ]
          }
        ],
        "indexes": []
      }
    },
    "graphSchemaExtensionsRepresentation": {
      "nodeKeyProperties": [
        {
          "node": {
            "$ref": "#n:1"
          },
          "keyProperties": [
            {
              "$ref": "#p:1"
            }
          ]
        },
        {
          "node": {
            "$ref": "#n:3"
          },
          "keyProperties": [
            {
              "$ref": "#p:5"
            }
          ]
        },
        {
          "node": {
            "$ref": "#n:4"
          },
          "keyProperties": [
            {
              "$ref": "#p:6"
            }
          ]
        },
        {
          "node": {
            "$ref": "#n:5"
          },
          "keyProperties": [
            {
              "$ref": "#p:7"
            }
          ]
        },
        {
          "node": {
            "$ref": "#n:6"
          },
          "keyProperties": [
            {
              "$ref": "#p:8"
            }
          ]
        },
        {
          "node": {
            "$ref": "#n:7"
          },
          "keyProperties": [
            {
              "$ref": "#p:9"
            }
          ]
        },
        {
          "node": {
            "$ref": "#n:8"
          },
          "keyProperties": [
            {
              "$ref": "#p:10"
            }
          ]
        },
        {
          "node": {
            "$ref": "#n:9"
          },
          "keyProperties": [
            {
              "$ref": "#p:11"
            }
          ]
        }
      ]
    },
    "graphMappingRepresentation": {
      "dataSourceSchema": {
        "type": "local",
        "tableSchemas": [
          {
            "name": "credit_fraud_dataset.csv",
            "expanded": true,
            "fields": [
              {
                "name": "event_id",
                "sample": "ebf84165b-915b-412b-a738-c79757c70d65",
                "recommendedType": {
                  "type": "string"
                }
              },
              {
                "name": "timestamp",
                "sample": "2023-06-23T16:53:59Z",
                "recommendedType": {
                  "type": "datetime"
                }
              },
              {
                "name": "user_id",
                "sample": "u0540e5d1-7ab4-472c-ab95-326d2a69e11c",
                "recommendedType": {
                  "type": "string"
                }
              },
              {
                "name": "interaction_type",
                "sample": "login",
                "recommendedType": {
                  "type": "string"
                }
              },
              {
                "name": "credit_card_id",
                "sample": "bae65791-c47b-473d-bdfe-d682dd64c854",
                "recommendedType": {
                  "type": "string"
                }
              },
              {
                "name": "ip_address",
                "sample": "179.19.112.2",
                "recommendedType": {
                  "type": "string"
                }
              },
              {
                "name": "bank_account_id",
                "sample": "",
                "recommendedType": {
                  "type": "string"
                }
              },
              {
                "name": "email",
                "sample": "Billy.Edwards@hotmail.com",
                "recommendedType": {
                  "type": "string"
                }
              },
              {
                "name": "phone_number",
                "sample": "",
                "recommendedType": {
                  "type": "string"
                }
              },
              {
                "name": "device_id",
                "sample": "",
                "recommendedType": {
                  "type": "string"
                }
              },
              {
                "name": "session_id",
                "sample": "8197ec13-03f4-4269-b68f-9f5f845c0d6f",
                "recommendedType": {
                  "type": "string"
                }
              },
              {
                "name": "transaction_amount",
                "sample": "",
                "recommendedType": {
                  "type": "float"
                }
              }
            ]
          }
        ]
      },
      "nodeMappings": [
        {
          "node": {
            "$ref": "#n:1"
          },
          "tableName": "credit_fraud_dataset.csv",
          "propertyMappings": [
            {
              "fieldName": "event_id",
              "property": {
                "$ref": "#p:1"
              }
            },
            {
              "fieldName": "timestamp",
              "property": {
                "$ref": "#p:2"
              }
            },
            {
              "fieldName": "interaction_type",
              "property": {
                "$ref": "#p:3"
              }
            },
            {
              "fieldName": "transaction_amount",
              "property": {
                "$ref": "#p:12"
              }
            }
          ]
        },
        {
          "node": {
            "$ref": "#n:3"
          },
          "tableName": "credit_fraud_dataset.csv",
          "propertyMappings": [
            {
              "fieldName": "email",
              "property": {
                "$ref": "#p:5"
              }
            }
          ]
        },
        {
          "node": {
            "$ref": "#n:4"
          },
          "tableName": "credit_fraud_dataset.csv",
          "propertyMappings": [
            {
              "fieldName": "credit_card_id",
              "property": {
                "$ref": "#p:6"
              }
            }
          ]
        },
        {
          "node": {
            "$ref": "#n:5"
          },
          "tableName": "credit_fraud_dataset.csv",
          "propertyMappings": [
            {
              "fieldName": "ip_address",
              "property": {
                "$ref": "#p:7"
              }
            }
          ]
        },
        {
          "node": {
            "$ref": "#n:6"
          },
          "tableName": "credit_fraud_dataset.csv",
          "propertyMappings": [
            {
              "fieldName": "bank_account_id",
              "property": {
                "$ref": "#p:8"
              }
            }
          ]
        },
        {
          "node": {
            "$ref": "#n:7"
          },
          "tableName": "credit_fraud_dataset.csv",
          "propertyMappings": [
            {
              "fieldName": "phone_number",
              "property": {
                "$ref": "#p:9"
              }
            }
          ]
        },
        {
          "node": {
            "$ref": "#n:8"
          },
          "tableName": "credit_fraud_dataset.csv",
          "propertyMappings": [
            {
              "fieldName": "device_id",
              "property": {
                "$ref": "#p:10"
              }
            }
          ]
        },
        {
          "node": {
            "$ref": "#n:9"
          },
          "tableName": "credit_fraud_dataset.csv",
          "propertyMappings": [
            {
              "fieldName": "session_id",
              "property": {
                "$ref": "#p:11"
              }
            }
          ]
        }
      ],
      "relationshipMappings": [
        {
          "relationship": {
            "$ref": "#r:2"
          },
          "tableName": "credit_fraud_dataset.csv",
          "propertyMappings": [],
          "fromMappings": {
            "#p:1": "event_id"
          },
          "toMappings": {
            "#p:5": "email"
          }
        },
        {
          "relationship": {
            "$ref": "#r:3"
          },
          "tableName": "credit_fraud_dataset.csv",
          "propertyMappings": [],
          "fromMappings": {
            "#p:1": "event_id"
          },
          "toMappings": {
            "#p:6": "credit_card_id"
          }
        },
        {
          "relationship": {
            "$ref": "#r:4"
          },
          "tableName": "credit_fraud_dataset.csv",
          "propertyMappings": [],
          "fromMappings": {
            "#p:1": "event_id"
          },
          "toMappings": {
            "#p:7": "ip_address"
          }
        },
        {
          "relationship": {
            "$ref": "#r:5"
          },
          "tableName": "credit_fraud_dataset.csv",
          "propertyMappings": [],
          "fromMappings": {
            "#p:1": "event_id"
          },
          "toMappings": {
            "#p:8": "bank_account_id"
          }
        },
        {
          "relationship": {
            "$ref": "#r:6"
          },
          "tableName": "credit_fraud_dataset.csv",
          "propertyMappings": [],
          "fromMappings": {
            "#p:1": "event_id"
          },
          "toMappings": {
            "#p:9": "phone_number"
          }
        },
        {
          "relationship": {
            "$ref": "#r:7"
          },
          "tableName": "credit_fraud_dataset.csv",
          "propertyMappings": [],
          "fromMappings": {
            "#p:1": "event_id"
          },
          "toMappings": {
            "#p:10": "device_id"
          }
        },
        {
          "relationship": {
            "$ref": "#r:8"
          },
          "tableName": "credit_fraud_dataset.csv",
          "propertyMappings": [],
          "fromMappings": {
            "#p:1": "event_id"
          },
          "toMappings": {
            "#p:11": "session_id"
          }
        }
      ]
    },
    "configurations": {
      "idsToIgnore": []
    }
  }
}